

INSERT INTO TMC(TMC)
VALUES (241.0);
INSERT INTO TMC(TMC)
VALUES (247.0);


INSERT INTO SEVERITYES(SEVERITY)
VALUES (4);
INSERT INTO SEVERITYES(SEVERITY)
VALUES (3);
INSERT INTO SEVERITYES(SEVERITY)
VALUES (7);
INSERT INTO SEVERITYES(SEVERITY)
VALUES (1);
INSERT INTO SEVERITYES(SEVERITY)
VALUES (2);


INSERT INTO SOURCES(infosourcE)
VALUES ('MapQuest');
INSERT INTO SOURCES(infosourcE)
VALUES ('Bing');

INSERT INTO SIDES(SIDE)
VALUES ('R');
INSERT INTO SIDES(SIDE)
VALUES ('L');

insert into countryes(country)
values ('US');

INSERT INTO CITYES(CITY,STATENAME,COUNTRY)
VALUES ('Reynoldsburg','OH','US');
INSERT INTO CITYES(CITY,STATENAME,COUNTRY)
VALUES ('Dayton','OH','US');
INSERT INTO CITYES(CITY,STATENAME,COUNTRY)
VALUES ('Williamsburg','OH','US');
INSERT INTO CITYES(CITY,STATENAME,COUNTRY)
VALUES ('Westerville','OH','US');
INSERT INTO CITYES(CITY,STATENAME,COUNTRY)
VALUES ('Columbus','OH','US');
INSERT INTO CITYES(CITY,STATENAME,COUNTRY)
VALUES ('Zwingle','IA','US');



INSERT INTO STREETS(STREET,CITY,STREETNUMBER,STATENAME,COUNTRY)
VALUES ('Brice Rd','Reynoldsburg',NULL,'OH','US');
INSERT INTO STREETS(STREET,CITY,STREETNUMBER,STATENAME,COUNTRY)
VALUES ('I-70 E','Dayton',NULL,'OH','US');
INSERT INTO STREETS(STREET,CITY,STREETNUMBER,STATENAME,COUNTRY)
VALUES ('I-75 S','Dayton',NULL,'OH','US');
INSERT INTO STREETS(STREET,CITY,STREETNUMBER,STATENAME,COUNTRY)
VALUES ('Miamisburg Centerville Rd','Dayton',NULL,'OH','US');
INSERT INTO STREETS(STREET,CITY,STREETNUMBER,STATENAME,COUNTRY)
VALUES ('N Woodward Ave','Dayton',NULL,'OH','US');
INSERT INTO STREETS(STREET,CITY,STREETNUMBER,STATENAME,COUNTRY)
VALUES ('Notre Dame Ave','Dayton',NULL,'OH','US');
INSERT INTO STREETS(STREET,CITY,STREETNUMBER,STATENAME,COUNTRY)
VALUES ('Buncombe Rd','Zwingle',NULL,'IA','US');
INSERT INTO STREETS(STREET,CITY,STREETNUMBER,STATENAME,COUNTRY)
VALUES ('Highway 61','Zwingle',NULL,'IA','US');
INSERT INTO STREETS(STREET,CITY,STREETNUMBER,STATENAME,COUNTRY)
VALUES ('State Route 32','Williamsburg',NULL,'OH','US');
INSERT INTO STREETS(STREET,CITY,STREETNUMBER,STATENAME,COUNTRY)
VALUES ('Westerville Rd','Westerville',NULL,'OH','US');
INSERT INTO STREETS(STREET,CITY,STREETNUMBER,STATENAME,COUNTRY)
VALUES ('Outerbelt S','Columbus',NULL,'OH','US');

INSERT INTO INCEDENTS(id,STREET,TMC,SEVERITY,INFOSOURCE,CITY,COUNTRY,SIDE,STARTTIME,ENDTIME,DISTANCE)
VALUES (1,'Brice Rd',241.0,4,'MapQuest','Reynoldsburg','US','R',TIMESTAMP'2016-03-08 05:46:00',TIMESTAMP'2016-04-08 11:00:00',0);
INSERT INTO INCEDENTS(id,STREET,TMC,SEVERITY,INFOSOURCE,CITY,COUNTRY,SIDE,STARTTIME,ENDTIME,DISTANCE)
VALUES (2,'I-70 E',241.0,4,'MapQuest','Dayton','US','R',TIMESTAMP'2016-02-08 08:56:00',TIMESTAMP'2016-02-08 11:00:00',0);
INSERT INTO INCEDENTS(id,STREET,TMC,SEVERITY,INFOSOURCE,CITY,COUNTRY,SIDE,STARTTIME,ENDTIME,DISTANCE)
VALUES (3,'I-70 E',241.0,7,'MapQuest','Dayton','US','L',TIMESTAMP'2016-03-08 12:40:00',TIMESTAMP'2016-02-08 13:00:00',0);
INSERT INTO INCEDENTS(id,STREET,TMC,SEVERITY,INFOSOURCE,CITY,COUNTRY,SIDE,STARTTIME,ENDTIME,DISTANCE)
VALUES (4,'N Woodward Ave',241.0,2,'MapQuest','Dayton','US','L',TIMESTAMP'2016-01-10 12:50:00',TIMESTAMP'2016-01-10 14:12:00',1);
INSERT INTO INCEDENTS(id,STREET,TMC,SEVERITY,INFOSOURCE,CITY,COUNTRY,SIDE,STARTTIME,ENDTIME,DISTANCE)
VALUES (5,'Notre Dame Ave',241.0,4,'MapQuest','Dayton','US','R',TIMESTAMP'2017-03-08 12:30:00',TIMESTAMP'2017-02-08 13:10:00',1);
INSERT INTO INCEDENTS(id,STREET,TMC,SEVERITY,INFOSOURCE,CITY,COUNTRY,SIDE,STARTTIME,ENDTIME,DISTANCE)
VALUES (6,'Buncombe Rd',241.0,2,'MapQuest','Zwingle','US','L',TIMESTAMP'2017-03-08 12:40:00',TIMESTAMP'2017-02-08 13:25:00',2);
INSERT INTO INCEDENTS(id,STREET,TMC,SEVERITY,INFOSOURCE,CITY,COUNTRY,SIDE,STARTTIME,ENDTIME,DISTANCE)
VALUES (7,'Highway 61',241.0,3,'MapQuest','Zwingle','US','L',TIMESTAMP'2018-03-08 14:30:00',TIMESTAMP'2018-02-08 15:30:00',1);
INSERT INTO INCEDENTS(id,STREET,TMC,SEVERITY,INFOSOURCE,CITY,COUNTRY,SIDE,STARTTIME,ENDTIME,DISTANCE)
VALUES (8,'State Route 32',241.0,1,'MapQuest','Williamsburg','US','L',TIMESTAMP'2018-03-08 13:40:00',TIMESTAMP'2018-02-08 14:18:00',0);
INSERT INTO INCEDENTS(id,STREET,TMC,SEVERITY,INFOSOURCE,CITY,COUNTRY,SIDE,STARTTIME,ENDTIME,DISTANCE)
VALUES (9,'Westerville Rd',241.0,4,'MapQuest','Westerville','US','R',TIMESTAMP'2018-03-08 12:40:00',TIMESTAMP'2018-02-08 12:50:00',0);